INSERT INTO Users (username, email, password_hash, first_name, last_name, roll_number, phone_number, hostel_name, hostel_block, room_number, profile_picture_url, account_status) VALUES
('aman_b21', 'aman.kumar_b21@iitp.ac.in', 'hash1', 'Aman', 'Kumar', '2101CS01', '9876543210', 'CV Raman', 'A', '101', 'url/aman.jpg', 'active'),
('priya_b22', 'priya.sharma_b22@iitp.ac.in', 'hash2', 'Priya', 'Sharma', '2201EE15', '9876543211', 'APJ Abdul Kalam', 'B', '202', 'url/priya.jpg', 'active'),
('rahul_m20', 'rahul.verma_m20@iitp.ac.in', 'hash3', 'Rahul', 'Verma', '20M1ME05', '9876543212', 'Aryabhatta', 'C', '303', 'url/rahul.jpg', 'active'),
('sneha_b23', 'sneha.gupta_b23@iitp.ac.in', 'hash4', 'Sneha', 'Gupta', '2301CE22', '9876543213', 'CV Raman', 'A', '105', NULL, 'active'),
('vikas_b21', 'vikas.singh_b21@iitp.ac.in', 'hash5', 'Vikas', 'Singh', '2101ME30', '9876543214', 'APJ Abdul Kalam', 'B', '210', 'url/vikas.jpg', 'active'),
('anisha_m21', 'anisha.patel_m21@iitp.ac.in', 'hash6', 'Anisha', 'Patel', '21M1CS11', '9876543215', 'Aryabhatta', 'C', '315', NULL, 'active'),
('mohit_b22', 'mohit.jain_b22@iitp.ac.in', 'hash7', 'Mohit', 'Jain', '2201CB08', '9876543216', 'CV Raman', 'B', '112', 'url/mohit.jpg', 'active'),
('kavita_b23', 'kavita.reddy_b23@iitp.ac.in', 'hash8', 'Kavita', 'Reddy', '2301EE45', '9876543217', 'APJ Abdul Kalam', 'A', '220', NULL, 'active'),
('sumit_m20', 'sumit.das_m20@iitp.ac.in', 'hash9', 'Sumit', 'Das', '20M1CE19', '9876543218', 'Aryabhatta', 'B', '322', 'url/sumit.jpg', 'active'),
('neha_b21', 'neha.mishra_b21@iitp.ac.in', 'hash10', 'Neha', 'Mishra', '2101EE03', '9876543219', 'CV Raman', 'B', '118', NULL, 'active'),
('arjun_b22', 'arjun.rao_b22@iitp.ac.in', 'hash11', 'Arjun', 'Rao', '2201CS55', '9876543220', 'APJ Abdul Kalam', 'A', '225', 'url/arjun.jpg', 'active'),
('pooja_m21', 'pooja.yadav_m21@iitp.ac.in', 'hash12', 'Pooja', 'Yadav', '21M1EE24', '9876543221', 'Aryabhatta', 'B', '328', NULL, 'active'),
('rohit_b23', 'rohit.shukla_b23@iitp.ac.in', 'hash13', 'Rohit', 'Shukla', '2301ME39', '9876543222', 'CV Raman', 'C', '125', 'url/rohit.jpg', 'active'),
('divya_b21', 'divya.agarwal_b21@iitp.ac.in', 'hash14', 'Divya', 'Agarwal', '2101CS28', '9876543223', 'APJ Abdul Kalam', 'C', '230', NULL, 'active'),
('sanjay_m20', 'sanjay.tiwari_m20@iitp.ac.in', 'hash15', 'Sanjay', 'Tiwari', '20M1CS33', '9876543224', 'Aryabhatta', 'A', '335', 'url/sanjay.jpg', 'active'),
('meera_b22', 'meera.joshi_b22@iitp.ac.in', 'hash16', 'Meera', 'Joshi', '2201CE11', '9876543225', 'CV Raman', 'C', '130', NULL, 'active'),
('ajay_b23', 'ajay.nair_b23@iitp.ac.in', 'hash17', 'Ajay', 'Nair', '2301CB18', '9876543226', 'APJ Abdul Kalam', 'B', '235', 'url/ajay.jpg', 'active'),
('rani_m21', 'rani.malhotra_m21@iitp.ac.in', 'hash18', 'Rani', 'Malhotra', '21M1CE09', '9876543227', 'Aryabhatta', 'A', '340', NULL, 'active'),
('vijay_b21', 'vijay.chandra_b21@iitp.ac.in', 'hash19', 'Vijay', 'Chandra', '2101CE41', '9876543228', 'CV Raman', 'A', '135', 'url/vijay.jpg', 'active'),
('deepa_b22', 'deepa.saxena_b22@iitp.ac.in', 'hash20', 'Deepa', 'Saxena', '2201ME27', '9876543229', 'APJ Abdul Kalam', 'B', '240', NULL, 'active');

INSERT INTO Categories (name, description, icon_url) VALUES
('Electronics', 'Gadgets, chargers, accessories', 'url/cat_electronics.png'),
('Books', 'Textbooks, novels, reference books', 'url/cat_books.png'),
('Cycles', 'Bicycles for campus commute', 'url/cat_cycles.png'),
('Sports Equipment', 'Cricket bats, badminton rackets, footballs', 'url/cat_sports.png'),
('Stationery', 'Drafters, calculators, lab coats', 'url/cat_stationery.png'),
('Room Essentials', 'Buckets, kettles, mattresses, coolers', 'url/cat_room.png'),
('Clothing & Accessories', 'Formal wear, party wear, bags', 'url/cat_clothing.png'),
('Musical Instruments', 'Guitars, keyboards, tablas', 'url/cat_music.png'),
('Tools & Hardware', 'Screwdrivers, pliers, toolkits', 'url/cat_tools.png'),
('Gaming', 'Consoles, controllers, game CDs', 'url/cat_gaming.png'),
('Furniture', 'Chairs, tables, shelves', 'url/cat_furniture.png'),
('Kitchen Appliances', 'Microwaves, toasters, kettles', 'url/cat_kitchen.png'),
('Outdoor Gear', 'Tents, backpacks, camping equipment', 'url/cat_outdoor.png'),
('Photography', 'Cameras, tripods, lighting', 'url/cat_photography.png'),
('Vehicles', 'Scooters, bikes, cars', 'url/cat_vehicles.png'),
('Health & Fitness', 'Yoga mats, dumbbells, fitness trackers', 'url/cat_fitness.png'),
('Toys & Games', 'Board games, puzzles, toys', 'url/cat_toys.png'),
('Art Supplies', 'Paints, brushes, canvases', 'url/cat_art.png'),
('Electronics Accessories', 'Chargers, cables, adapters', 'url/cat_electronics_acc.png'),
('Books - Fiction', 'Novels and fiction books', 'url/cat_books_fiction.png');

INSERT INTO Items (owner_id, category_id, name, description, rental_price, rental_unit, item_condition, availability_status, location_description, max_rental_duration) VALUES
(1, 5, 'Casio FX-991ES Plus Calculator', 'Scientific calculator, suitable for exams', 10.00, 'day', 'good', 'available', 'CV Raman Room 101', 7),
(2, 3, 'Hero Sprint Cycle', 'Basic cycle, good condition, recently serviced', 25.00, 'day', 'good', 'available', 'APJ Kalam Hostel Parking', 30),
(3, 1, 'Boat Rockerz 450 Headphones', 'Wireless Bluetooth headphones, good bass', 30.00, 'day', 'like new', 'available', 'Aryabhatta Room 303', 5),
(4, 2, 'HC Verma Physics Vol 1 & 2', 'Standard physics textbooks for JEE/Engg', 50.00, 'week', 'fair', 'available', 'CV Raman Room 105', 90),
(5, 6, 'Electric Kettle 1.5L', 'Quick water heating for tea/coffee/noodles', 15.00, 'day', 'good', 'available', 'APJ Kalam Room 210', 14),
(1, 1, 'Raspberry Pi 4 Model B (4GB)', 'Mini computer for projects', 75.00, 'week', 'like new', 'available', 'CV Raman Room 101', 60),
(6, 4, 'Yonex Badminton Racket Set', '2 rackets and shuttlecocks, beginner level', 40.00, 'day', 'good', 'available', 'Aryabhatta Room 315', 7),
(7, 5, 'Mini Drafter', 'Engineering drawing drafter', 20.00, 'week', 'good', 'rented', 'CV Raman Room 112', 30),
(8, 3, 'Hercules Roadeo Cycle', 'Gear cycle, suitable for longer rides', 50.00, 'day', 'good', 'available', 'APJ Kalam Hostel Parking', 30),
(9, 2, 'Concepts of Physics by HC Verma', 'Vol 1 Only', 30.00, 'week', 'good', 'available', 'Aryabhatta Room 322', 90),
(10, 6, 'Plastic Bucket & Mug Set', 'Standard bathroom bucket and mug', 5.00, 'week', 'fair', 'available', 'CV Raman Room 118', 60),
(11, 1, 'Logitech M170 Wireless Mouse', 'Simple wireless mouse', 10.00, 'day', 'like new', 'available', 'APJ Kalam Room 225', 10),
(12, 4, 'SG Cricket Bat (Kashmir Willow)', 'Suitable for tennis ball cricket', 35.00, 'day', 'good', 'available', 'Aryabhatta Room 328', 7),
(13, 5, 'Lab Coat (Medium Size)', 'White lab coat for chemistry/biology labs', 25.00, 'week', 'like new', 'available', 'CV Raman Room 125', 90),
(14, 6, 'Small Room Cooler', 'Personal air cooler, decent condition', 100.00, 'week', 'fair', 'available', 'APJ Kalam Room 230', 30),
(15, 2, 'Introduction to Algorithms by CLRS', 'Standard algorithms textbook', 70.00, 'week', 'good', 'available', 'Aryabhatta Room 335', 90),
(16, 1, 'TP-Link Wi-Fi Router', 'Basic N300 Wi-Fi Router', 20.00, 'day', 'good', 'rented', 'CV Raman Room 130', 15),
(17, 3, 'Skates (Roller Blades)', 'Size 8 Roller Blades', 60.00, 'day', 'good', 'available', 'APJ Kalam Room 235', 3),
(18, 8, 'Acoustic Guitar (Beginner)', 'Juarez Acoustic Guitar with Bag', 80.00, 'week', 'good', 'available', 'Aryabhatta Room 340', 60),
(19, 6, 'Foldable Study Table', 'Small wooden foldable table', 30.00, 'week', 'good', 'available', 'CV Raman Room 135', 90),
(20, 1, 'Sandisk 64GB Pendrive', 'USB 3.0 Pendrive', 15.00, 'week', 'like new', 'available', 'APJ Kalam Room 240', 30);

INSERT INTO ItemImages (item_id, image_url, is_primary) VALUES
(1, 'url/item1_1.jpg', TRUE), (1, 'url/item1_2.jpg', FALSE),
(2, 'url/item2_1.jpg', TRUE), (2, 'url/item2_2.jpg', FALSE), (2, 'url/item2_3.jpg', FALSE),
(3, 'url/item3_1.jpg', TRUE),
(4, 'url/item4_1.jpg', TRUE),
(5, 'url/item5_1.jpg', TRUE), (5, 'url/item5_2.jpg', FALSE),
(6, 'url/item6_1.jpg', TRUE), (6, 'url/item6_2.jpg', FALSE),
(7, 'url/item7_1.jpg', TRUE),
(8, 'url/item8_1.jpg', TRUE),
(9, 'url/item9_1.jpg', TRUE), (9, 'url/item9_2.jpg', FALSE),
(10, 'url/item10_1.jpg', TRUE),
(11, 'url/item11_1.jpg', TRUE),
(12, 'url/item12_1.jpg', TRUE),
(13, 'url/item13_1.jpg', TRUE),
(14, 'url/item14_1.jpg', TRUE),
(15, 'url/item15_1.jpg', TRUE), (15, 'url/item15_2.jpg', FALSE),
(16, 'url/item16_1.jpg', TRUE),
(17, 'url/item17_1.jpg', TRUE),
(18, 'url/item18_1.jpg', TRUE),
(19, 'url/item19_1.jpg', TRUE), (19, 'url/item19_2.jpg', FALSE),
(21, 'url/item20_1.jpg', TRUE); -- Assuming item_id 21 is the Pendrive

INSERT INTO Rentals (item_id, renter_id, start_date, end_date, agreed_price, rental_status) VALUES
(2, 4, '2025-04-17 10:00:00', '2025-04-19 10:00:00', 50.00, 'confirmed'),
(5, 7, '2025-04-10 12:00:00', '2025-04-17 12:00:00', 105.00, 'active'),
(8, 1, '2025-04-01 09:00:00', '2025-04-15 09:00:00', 40.00, 'completed'),
(17, 3, '2025-04-12 18:00:00', '2025-04-19 18:00:00', 140.00, 'active'),
(1, 10, '2025-04-18 09:00:00', '2025-04-20 09:00:00', 20.00, 'requested'),
(9, 11, '2025-04-17 15:00:00', '2025-04-24 15:00:00', 350.00, 'requested'),
(4, 15, '2025-03-01 10:00:00', '2025-04-01 10:00:00', 200.00, 'completed'),
(13, 5, '2025-04-19 11:00:00', '2025-04-21 11:00:00', 70.00, 'requested'),
(21, 2, '2025-04-18 17:00:00', '2025-05-02 17:00:00', 60.00, 'confirmed'),
(6, 12, '2025-04-20 10:00:00', '2025-05-04 10:00:00', 150.00, 'requested'),
(3, 14, '2025-04-15 13:00:00', '2025-04-16 13:00:00', 30.00, 'cancelled'),
(11, 9, '2025-04-10 08:00:00', '2025-04-12 08:00:00', 10.00, 'completed'),
(19, 13, '2025-04-17 12:00:00', '2025-05-15 12:00:00', 120.00, 'confirmed'),
(15, 1, '2025-04-05 14:00:00', '2025-04-12 14:00:00', 100.00, 'completed'),
(7, 19, '2025-04-19 16:00:00', '2025-04-19 20:00:00', 40.00, 'requested'),
(12, 20, '2025-04-17 09:00:00', '2025-04-18 09:00:00', 10.00, 'rejected'),
(18, 6, '2025-04-21 10:00:00', '2025-05-05 10:00:00', 160.00, 'confirmed'),
(14, 11, '2025-04-18 13:00:00', '2025-04-25 13:00:00', 100.00, 'requested'),
(21, 8, '2025-04-17 11:00:00', '2025-04-24 11:00:00', 15.00, 'confirmed');

INSERT INTO Notifications (user_id, related_entity_id, notification_type, message) VALUES
(4, 1, 'rental_confirmed', 'Your rental request for Hero Sprint Cycle has been confirmed by Priya Sharma.'),
(7, 2, 'rental_reminder_start', 'Your rental for Electric Kettle 1.5L starts today.'),
(7, 2, 'rental_reminder_end', 'Your rental for Electric Kettle 1.5L ends today.'),
(1, 3, 'rental_completed', 'Your rental of Mini Drafter to Aman Kumar is complete.'),
(7, 3, 'rental_completed', 'Your rental of Mini Drafter from Mohit Jain is complete.'),
(3, 4, 'rental_reminder_start', 'Your rental for TP-Link Wi-Fi Router starts today.'),
(1, 5, 'rental_requested', 'Neha Mishra has requested to rent your Casio FX-991ES Plus Calculator.'),
(10, 5, 'rental_confirmed', 'Your rental request for Casio FX-991ES Plus Calculator has been confirmed.'),
(8, 6, 'rental_requested', 'Arjun Rao has requested to rent your Hercules Roadeo Cycle.'),
(11, 6, 'rental_confirmed', 'Your rental request for Hercules Roadeo Cycle has been confirmed.'),
(4, 7, 'rental_completed', 'Your rental of HC Verma Physics Vol 1 & 2 to Sanjay Tiwari is complete.'),
(15, 7, 'rental_completed', 'Your rental of HC Verma Physics Vol 1 & 2 from Sneha Gupta is complete.'),
(13, 8, 'rental_requested', 'Vikas Singh has requested to rent your SG Cricket Bat (Kashmir Willow).'),
(2, 9, 'rental_confirmed', 'Your rental request for Sandisk 64GB Pendrive has been confirmed.'),
(1, 10, 'rental_requested', 'Pooja Yadav has requested to rent your Raspberry Pi 4 Model B (4GB).'), -- Corrected Owner ID to 1
(3, 11, 'rental_cancelled', 'Divya Agarwal has cancelled the rental request for your Boat Rockerz 450 Headphones.'),
(14, 11, 'rental_cancelled', 'Your rental request for Boat Rockerz 450 Headphones was cancelled.'),
(13, 13, 'rental_confirmed', 'Your rental request for Foldable Study Table has been confirmed.');

INSERT INTO WishlistItems (user_id, item_id) VALUES
(1, 9),
(1, 15),
(1, 18),
(2, 1),
(2, 6),
(2, 12),
(3, 2),
(3, 8),
(3, 17),
(4, 5),
(4, 11),
(4, 20),
(5, 4),
(5, 10),
(5, 16),
(6, 7),
(6, 13),
(7, 14),
(7, 19),
(8, 3),
(8, 21),
(9, 1),
(9, 6),
(10, 2),
(10, 18);

